{"cameraMode":{"drawMode":0,"name":"Shaded","section":"Shading Mode"},"sceneLighting":true,"audioPlay":false,"sceneViewState":{"showFog":true,"showMaterialUpdate":false,"showSkybox":true,"showFlares":true,"showImageEffects":true,"showParticleSystems":true},"in2DMode":false,"pivot":{"x":42.37664031982422,"y":-22.227413177490236,"z":-13.840812683105469},"rotation":{"x":0.27731266617774966,"y":0.5015676021575928,"z":-0.17361599206924439,"w":0.8008811473846436},"size":46.93304443359375,"orthographic":false}