{"cameraMode":{"drawMode":0,"name":"Shaded","section":"Shading Mode"},"sceneLighting":true,"audioPlay":false,"sceneViewState":{"showFog":true,"showMaterialUpdate":false,"showSkybox":true,"showFlares":true,"showImageEffects":true,"showParticleSystems":true},"in2DMode":false,"pivot":{"x":-0.9701535105705261,"y":4.478277206420898,"z":1.0942955017089844},"rotation":{"x":-0.009898493066430092,"y":-0.7993565201759338,"z":0.013200691901147366,"w":-0.6006603837013245},"size":11.896134376525879,"orthographic":false}